I will do flutterflow app development,
I will be your flutterflow adalo developer build flutterflow app mobile app flutterflow,
I will use flutterflow to develop an android and ios app,
I will bubble io  figma to bubble  bubble developer  bubble web app  flutterflow  weweb,
I will be your bubble io developer flutterflow  adalo  appgyver expert developer,
I will do flutterflow developer firebase flutterflow flutter flow,Level 1
I will create unique mobile app using adalo bubble flutterflow bubble io developer uiux,
I will convert figma to flutter react native flutterflow mobile app development android,Level 2
I will be your bubble developer do bubble io website bubble app adalo flutterflow softr,Level 1
I will adalo bubble flutterflow develop web app  mobile app on bubble adalo flutterflow,
I will do flutterflow developer flutter flow app flutterflow ui flutterflow firebase,
I will bubble developer bubble website bubble app developer bubble io flutterflow app,
I will do flutter  react native mobile app development with flutterflow firebase,
I will develop android and ios apps in flutterflow,
I will use flutterflow to develop hybrid app android and ios,
I will be your bubble io saas developer bubble developer flutterflow chatgpt openai,Level 1
I will be your bubble developer for web app build bubble io adalo flutterflow and mvp,
I will develop flutter app  flutterflow  flutter ui and flutter flow,
I will be your bubble io developer bubble app developer bubble mvp flutterflow develope,
I will develop and maintain app in flutterflow,Level 2
I will be your bubble io developer for bubble app adalo flutterflow,
I will be your bubble io developer for bubble app adalo flutterflow and buildfire,
I will do flutterflow flutter flow flutterflow ui flutterflow developer,
I will develop mobile app in flutterflow,
I will use flutterflow to develop hybrid app android iphone app,Top Rated